{"M_Floater": 5683171.049778804, "z_CM_Floater": -42.901274846145064, "I_CM_Floater": 6353880197.184405, "M_Tower": 1561585.2818041218, "z_CM_Tower": 76.17448841334966, "I_CM_Tower": 2622560807.724268, "M_Turbine": 1215000.0, "z_Hub": 170, "z_CM_Turbine": 169, "M_Ballast": 24000000.0, "Ballast_COG": -98.28248594998287, "BallastHeightindraft": 0.05, "DMonopile": 20, "Thickness": 0.1, "z_Bot": -100.80254969229013, "CM": 2, "Cm": 1, "CD": 0.6, "rho_Water": 1025, "rho_Steel": 7850, "g": 9.81, "WaterDepth": 320, "K_Moor": 150075, "z_Moor": -50.401274846145064, "fb": 15, "draft": 100.80254969229013, "MaxThrust": 2500000.0, "B11": 600000, "zhub": 170.0, "zCB": -50.401274846145064, "ls": 115.80254969229013, "ms": 5683171.049778812, "mf": 29683171.04977881, "zCMs": -42.901274846145064, "zCMf": -87.679141208978, "ICMs": 6351067027.514773, "ICMf": 33171588057.985424, "IAA": 7853.981633974483, "M": [[32459756.331582934, -2278306986.0485587], [-2278306986.0485587, 295023139249.72424]], "C": [[150075.0, -7563971.3225352205], [-7563971.3225352205, 6761110565.505085]], "A": [[32459756.331582915, -1636013100.307008], [-1636013100.307008, 109942861227.28987]], "B": [[600000, 0], [0, 0]], "fnat": [0.007642840858475056, 0.030965367095186856]}