{"draft": 100.80254969229013, "M_Ballast": 24000000.0, "fb": 15, "rho_Steel": 7850, "rho_Water": 1025, "M_Tower": 1561585.2818041218, "M_Turbine": 1215000.0, "z_CM_Tower": 76.17448841334966, "z_CM_Turbine": 169, "I_CM_Tower": 2622560807.724268, "Ballast_COG": -98.28248594998287, "CM": 2, "B11": 600000, "K_Moor": 150075, "z_Moor": -50.401274846145064, "ls": 115.80254969229013, "M": [[29056707.777353555, -2132311864.7087874], [-2132311864.7087874, 284956776996.4889]], "A": [[32459756.331582915, -1636013100.307008], [-1636013100.307008, 109942861227.28987]], "MA_inv": null, "B": [[600000.0, 0.0], [0.0, 0.0]], "C": [[150075.0, -7563971.3225352205], [-7563971.3225352205, 7011489862.882508]], "zCB": -50.401274846145064, "V_disp": null, "buoyant_mass": null, "fnat": [0.007849882373958287, 0.03204024651333085], "MTot": 29056707.777353555, "zCM_Tot": -73.38449631140543, "IO_Tot": 284956776996.4889, "ms": 2280122.4955494315, "mf": 26280122.495549433, "zCMs": -42.901274846145064, "zCMf": -93.47748759847146, "ICMs": 2548081601.0732903, "ICMf": 29368552231.543938, "IAA": 7853.981633974483, "DProfile": null, "ThicknessProfile": null, "DMonopile": 20, "Thickness": 0.04, "z": null, "zBeamNodal": null, "phiNodal": null, "zBeamElement": null, "dz": null, "phiElement": null, "rhoAElement": null, "GM": null, "GD": null, "GK": null, "zhub": 170.0}